<core:FragmentDefinition xmlns="sap.m" xmlns:core="sap.ui.core" xmlns:l="sap.ui.layout" xmlns:f="sap.ui.layout.form">
	<Dialog title="Select a Model" contentHeight="auto" showHeader="true" class="sapUiSizeCompact">
		<beginButton>
			<Button id="reporId" text="OK" press="handleAddModelsDialogClose"></Button>
		</beginButton>
		<endButton>
			<Button text="Cancel" press="handleAddModelsDialogCancel"/>
		</endButton>
		<content>
			<!--<App initialPage="typeOfNavigation">-->
			<!--	<Page id="typeOfNavigation" showNavButton="false" title="Select a Type Of Page" showHeader="true">-->
			<!--<List noDataText="No data" mode="MultiSelect" items="{pages>/d/results}">-->
			<!--	<items>-->
			<!--		<StandardListItem title="{pages>PageTitle}" type="Navigation" press="handlePageTypeSelected"/>-->
			<!--	</items>-->
			<!--</List>-->
			<List items="{fileModels>/}" mode="MultiSelect" selectionChange="handleListModelSelected" growing="true" growingThreshold="20">
				<items>
					<StandardListItem title="{fileModels>FileName}" type="Active" press="handleOVPPagesPress"></StandardListItem>
				</items>
			</List>
			<!--</Page>-->
			<!--<Page id="listOfNavigation" showNavButton="true" title="Select Pages" navButtonPress="oNavigationBackBackPress"-->
			<!--	class="navigationSelectClass">-->
			<!--	<content>-->
			<!--		<SearchField liveChange="handleSearchPages"/>-->
			<!--		<List items="{pages>/OVPPages}" mode="MultiSelect" growing="true" growingThreshold="20">-->
			<!--			<items>-->
			<!--				<StandardListItem title="{PageTitle}" type="Active" press="handleOVPPagesPress"></StandardListItem>-->
			<!--			</items>-->
			<!--		</List>-->
			<!--		<List items="{pages>/AnalyticalPages}" mode="MultiSelect">-->
			<!--			<items>-->
			<!--				<StandardListItem title="{PageTitle}" type="Active" press="handleAnalyticalPagesPress"></StandardListItem>-->
			<!--			</items>-->
			<!--		</List>-->
			<!--	</content>-->
			<!--</Page>-->
			<!--</App>-->
		</content>
	</Dialog>
</core:FragmentDefinition>