<core:FragmentDefinition xmlns="sap.m" xmlns:core="sap.ui.core" xmlns:f="sap.ui.layout.form">
	<Dialog title="Add Model access" showHeader="false" class="sapUiSizeCompact">
		<endButton>
			<Button text="Cancel" press="handleAddModelsDialogCancel"/>
		</endButton>
		<beginButton>
			<Button text="OK" press="handleAddModelAccess"/>
		</beginButton>
		<!--<content>-->
		<NavContainer width="100%" height="26em">
			<!--	<App initialPage="typeOfNavigation">-->
			<Page showNavButton="false" title="Select Database" showHeader="true">
				<List noDataText="No data" mode="None">
					<!--<headerToolbar>-->
					<!--	<Toolbar>-->
					<!--		<SearchField liveChange="handleSearchDatabase"/>-->
					<!--	</Toolbar>-->
					<!--</headerToolbar>-->
					<items>
						<StandardListItem title="MongoDB" type="Navigation" press="handleDBSelected"/>
						<StandardListItem title="File Uploaded" type="Navigation" press="handleDBSelected"/>
					</items>
				</List>
			</Page>
			<Page showNavButton="true" title="Select Models" navButtonPress="oNavigationBackBackPress" class="navigationSelectClass">
				<content>
					<SearchField liveChange="handleSearchPages"/>
					<List items="{/Tables}" mode="MultiSelect" updateFinished="handleModelsSelected" selectionChange="handleModelsSelected" growing="true"
						growingThreshold="20">
						<items>
							<StandardListItem title="{TABLE_NAME}" type="Active" press="handleModelPress"></StandardListItem>
						</items>
					</List>
				</content>
			</Page>
			<!--	</App>-->
		</NavContainer>
		<!--	</content>-->
	</Dialog>
</core:FragmentDefinition>