<core:FragmentDefinition xmlns="sap.m" xmlns:core="sap.ui.core" xmlns:l="sap.ui.layout" xmlns:f="sap.ui.layout.form">
	<Dialog title="Select a Drill-Down Report" contentHeight="auto" showHeader="true" class="sapUiPopupWithPadding">
		<beginButton>
			<Button id="reporId" text="OK" press="OnNavigate"></Button>
		</beginButton>
		<endButton>
			<Button text="Cancel" press="handlePageAccessDialogClose"/>
		</endButton>
		<content>
			<App initialPage="typeOfNavigation">
				<Page id="typeOfNavigation" showNavButton="false" title="Select a Type Of Page" showHeader="true">
					<List noDataText="No data" mode="None">
						<items>
							<StandardListItem title="OVP Pages" type="Navigation" press="handlePageTypeSelected"/>
							<StandardListItem title="Analytical Pages" type="Navigation" press="handlePageTypeSelected"/>
						</items>
					</List>
				</Page>
				<Page id="listOfNavigation" showNavButton="true" title="Select Pages" navButtonPress="oNavigationBackBackPress"
					class="navigationSelectClass">
					<content>
						<SearchField liveChange="handleSearchPages"/>
						<List items="{pages>/OVPPages}" mode="MultiSelect" growing="true" growingThreshold="20">
							<items>
								<StandardListItem title="{PageTitle}" type="Active" press="handleOVPPagesPress"></StandardListItem>
							</items>
						</List>
						<List items="{pages>/AnalyticalPages}" mode="MultiSelect">
							<items>
								<StandardListItem title="{PageTitle}" type="Active" press="handleAnalyticalPagesPress"></StandardListItem>
							</items>
						</List>
					</content>
				</Page>
			</App>
		</content>
	</Dialog>
</core:FragmentDefinition>