{
  "manifest-bundle.zip": 1594742661088,
  "model/roles.json": 1594731848000,
  "model/pages.json": 1594731848000,
  "manifest.json": 1594742663557,
  "test/unit/controller/app.controller.js": 1594731848000,
  "test/integration/pages/app.js": 1594731848000,
  "test/integration/arrangements/Startup.js": 1594731848000,
  "test/unit/unitTests.qunit.js": 1594731848000,
  "test/unit/AllTests.js": 1594731848000,
  "test/integration/opaTests.qunit.js": 1594731848000,
  "test/integration/NavigationJourney.js": 1594731848000,
  "test/integration/AllJourneys.js": 1594731848000,
  "util/formatter.js": 1594731848000,
  "test/testsuite.qunit.js": 1594731848000,
  "model/models.js": 1594731848000,
  "js/test.js": 1594731848000,
  "js/avatar.js": 1594731848000,
  "controller/usersMaster.controller.js": 1594731848000,
  "controller/usersDetail.controller.js": 1594731848000,
  "controller/rolesMaster.controller.js": 1594731848000,
  "controller/rolesDetail.controller.js": 1594731848000,
  "controller/login.controller.js": 1594731848000,
  "controller/applicationList.controller.js": 1594731848000,
  "controller/app.controller.js": 1594731848000,
  "controller/adminMaster.controller.js": 1594731848000,
  "model/sideContent.json": 1594731848000,
  "controller/Home.controller.js": 1594731848000,
  "Component.js": 1594731848000,
  "controller/adminDetail.controller.js": 1594731848000,
  "Component-preload.js": 1594742663029,
  "test/unit/controller/app-dbg.controller.js": 1594731848000,
  "test/integration/pages/app-dbg.js": 1594731848000,
  "test/integration/arrangements/Startup-dbg.js": 1594731848000,
  "test/unit/unitTests.qunit-dbg.js": 1594731848000,
  "test/unit/AllTests-dbg.js": 1594731848000,
  "test/integration/opaTests.qunit-dbg.js": 1594731848000,
  "test/integration/NavigationJourney-dbg.js": 1594731848000,
  "test/integration/AllJourneys-dbg.js": 1594731848000,
  "util/formatter-dbg.js": 1594731848000,
  "test/testsuite.qunit-dbg.js": 1594731848000,
  "model/models-dbg.js": 1594731848000,
  "js/test-dbg.js": 1594731848000,
  "js/avatar-dbg.js": 1594731848000,
  "controller/usersMaster-dbg.controller.js": 1594731848000,
  "controller/usersDetail-dbg.controller.js": 1594731848000,
  "controller/rolesMaster-dbg.controller.js": 1594731848000,
  "controller/rolesDetail-dbg.controller.js": 1594731848000,
  "controller/login-dbg.controller.js": 1594731848000,
  "controller/applicationList-dbg.controller.js": 1594731848000,
  "controller/app-dbg.controller.js": 1594731848000,
  "controller/adminMaster-dbg.controller.js": 1594731848000,
  "controller/adminDetail-dbg.controller.js": 1594731848000,
  "controller/Home-dbg.controller.js": 1594731848000,
  "Component-dbg.js": 1594731848000,
  "neo-app.json": 1594742663502,
  "di.code-validation.core_issues.json": 1594742667635,
  "resources.json": 1594742667674,
  "test/unit/unitTests.qunit.html": 1594731848000,
  "test/integration/opaTests.qunit.html": 1594731848000,
  "view/usersMaster.view.xml": 1594731848000,
  "view/usersDetail.view.xml": 1594731848000,
  "view/rolesMaster.view.xml": 1594731848000,
  "view/rolesDetail.view.xml": 1594731848000,
  "view/login.view.html": 1594731848000,
  "view/applicationList.view.xml": 1594731848000,
  "view/app.view.xml": 1594731848000,
  "view/adminMaster.view.xml": 1594731848000,
  "view/adminDetail.view.xml": 1594731848000,
  "view/Home.view.xml": 1594731848000,
  "test/testsuite.qunit.html": 1594731848000,
  "i18n/i18n.properties": 1594731848000,
  "fragments/valueHelpForUserProfile.fragment.xml": 1594731848000,
  "fragments/valueHelpForRoles.fragment.xml": 1594731848000,
  "fragments/valueHelpForOrganization.fragment.xml": 1594731848000,
  "fragments/valueHelpForNewUser.fragment.xml": 1594731848000,
  "fragments/valueHelpForApplicationList.fragment.xml": 1594731848000,
  "fragments/valueHelpForApplication.fragment.xml": 1594731848000,
  "fragments/addPagesAccess.fragment.xml": 1594731848000,
  "fragments/addModels.fragment.xml": 1594731848000,
  "fragments/addModelAccess.fragment.xml": 1594731848000,
  "css/style.css": 1594731848000,
  "css/avatar.css": 1594731848000,
  "index.html": 1594731848000
}